<?xml version="1.0"?>
<doc>
    <assembly>
        <name>Muser</name>
    </assembly>
    <members>
        <member name="T:Muser.Properties.Resources">
            <summary>
              A strongly-typed resource class, for looking up localized strings, etc.
            </summary>
        </member>
        <member name="P:Muser.Properties.Resources.ResourceManager">
            <summary>
              Returns the cached ResourceManager instance used by this class.
            </summary>
        </member>
        <member name="P:Muser.Properties.Resources.Culture">
            <summary>
              Overrides the current thread's CurrentUICulture property for all
              resource lookups using this strongly typed resource class.
            </summary>
        </member>
        <member name="P:Muser.Properties.Resources.HelloWorld">
            <summary>
              Looks up a localized string similar to Hello World!.
            </summary>
        </member>
        <member name="T:Muser.Sheets.Effects.Effect">
            <summary>
            Base effect type
            </summary>
        </member>
        <member name="T:Muser.Sheets.FileExtension">
            <summary>
            Lists extensions of files used in muser
            </summary>
        </member>
        <member name="F:Muser.Sheets.FileExtension.SheetMeta">
            <summary>
            Extension of sheetmeta files
            </summary>
        </member>
        <member name="T:Muser.Sheets.Finder">
            <summary>
            Finds sheets with given extension
            </summary>
        </member>
        <member name="T:Muser.Sheets.Notes.Note">
            <summary>
            Base note type
            </summary>
        </member>
        <member name="P:Muser.Sheets.Notes.Note.Time">
            <summary>
            The time when the note gets enabled, relative to the current progress of the music
            </summary>
        </member>
        <member name="M:Muser.Sheets.Notes.Note.#ctor(System.Double)">
            <summary>
            Protected constructor of base class Note
            </summary>
            <param name="time"></param>
        </member>
        <member name="T:Muser.Sheets.Notes.NormalNote">
            <summary>
            Normal note type
            </summary>
        </member>
        <member name="P:Muser.Sheets.Notes.NormalNote.AppearLength">
            <summary>
            How much time at total will the note exist from enter to fade
            </summary>
        </member>
        <member name="P:Muser.Sheets.Notes.NormalNote.Length">
            <summary>
            The length of the note
            </summary>
        </member>
        <member name="P:Muser.Sheets.Notes.NormalNote.CenterIndex">
            <summary>
            The index of the center the note will go to
            </summary>
        </member>
        <member name="P:Muser.Sheets.Notes.NormalNote.Side">
            <summary>
            The side of the note
            </summary>
        </member>
        <member name="M:Muser.Sheets.Notes.NormalNote.#ctor(System.Double,System.Double,System.Double,System.Int32,Muser.Sheets.Notes.NoteSide)">
            <summary>
            Constructs NormalNote
            </summary>
            <param name="time"></param>
            <param name="appearLength"></param>
            <param name="length"></param>
            <param name="centerIndex"></param>
        </member>
        <member name="T:Muser.Sheets.Notes.EffectNote">
            <summary>
            Effect note
            </summary>
        </member>
        <member name="P:Muser.Sheets.Notes.EffectNote.Effect">
            <summary>
            The effect to use
            </summary>
        </member>
        <member name="P:Muser.Sheets.Notes.EffectNote.Length">
            <summary>
            The length of the note
            </summary>
        </member>
        <member name="M:Muser.Sheets.Notes.EffectNote.#ctor(System.Double,Muser.Sheets.Effects.Effect,System.Double)">
            <summary>
            Constructs EffectNote
            </summary>
            <param name="time"></param>
            <param name="effect"></param>
            <param name="length"></param>
        </member>
        <member name="T:Muser.Sheets.Notes.NoteSide">
            <summary>
            The note side indexes
            </summary>
        </member>
        <member name="T:Muser.Sheets.Sheet">
            <summary>
            The sheet
            </summary>
        </member>
        <member name="P:Muser.Sheets.Sheet.Meta">
            <summary>
            Meta of the sheet
            </summary>
        </member>
        <member name="M:Muser.Sheets.Sheet.GetNotes">
            <summary>
            Notes of the sheet
            </summary>
        </member>
        <member name="M:Muser.Sheets.Sheet.SetNotes(Muser.Sheets.Notes.Note[])">
            <summary>
            Notes of the sheet
            </summary>
        </member>
        <member name="M:Muser.Sheets.Sheet.#ctor(Muser.Sheets.Meta.SheetMeta,Muser.Sheets.Notes.Note[])">
            <summary>
            Constructs the sheet
            </summary>
            <param name="meta"></param>
            <param name="notes"></param>
        </member>
        <member name="T:Muser.Sheets.Meta.SheetMeta">
            <summary>
            Represents the meta of the sheet
            </summary>
        </member>
        <member name="P:Muser.Sheets.Meta.SheetMeta.Author">
            <summary>
            Author of the sheet
            </summary>
        </member>
        <member name="P:Muser.Sheets.Meta.SheetMeta.Name">
            <summary>
            The name of the sheet
            </summary>
        </member>
        <member name="P:Muser.Sheets.Meta.SheetMeta.MusicPath">
            <summary>
            Where the music is
            </summary>
        </member>
        <member name="P:Muser.Sheets.Meta.SheetMeta.MusicAuthor">
            <summary>
            The author of the music
            </summary>
        </member>
        <member name="P:Muser.Sheets.Meta.SheetMeta.StartOffset">
            <summary>
            Decides when to start the music
            </summary>
        </member>
        <member name="P:Muser.Sheets.Meta.SheetMeta.HardnessName">
            <summary>
            The name of the hardness of this level
            </summary>
        </member>
        <member name="P:Muser.Sheets.Meta.SheetMeta.HardnessLevel">
            <summary>
            The level of this level
            </summary>
        </member>
        <member name="M:Muser.Sheets.Meta.SheetMeta.#ctor(System.String,System.String,System.String,System.String,System.Double,System.String,System.Int32)">
            <summary>
            Constuctor
            </summary>
            <param name="author"></param>
            <param name="name"></param>
            <param name="musicPath"></param>
            <param name="musicAuthor"></param>
            <param name="startOffset"></param>
            <param name="hardnessName"></param>
            <param name="hardnessLevel"></param>
        </member>
    </members>
</doc>
